{
    "v2 canon powershot elph 130 is 1800 2400 perspective 0.8116": {
        "focal_prior": 0.8116883116883117, 
        "width": 2400, 
        "k1": 0.0, 
        "k2": 0.0, 
        "k1_prior": 0.0, 
        "k2_prior": 0.0, 
        "projection_type": "perspective", 
        "focal": 0.8116883116883117, 
        "height": 1800
    }
}